Workbook

Sheet Findings
A1: ID | B1: Title | C1: Area | D1: Description | E1: Evidence file | F1: Likelihood (1-5) | G1: Impact (1-5) | H1: Risk score | I1: Rating | J1: Recommendation | K1: Owner | L1: Status
A2: F-01 | B2: WAN rule allows any to any | C2: Firewall | D2: The WAN rule Testing passes all IPv4 traffic from any source to any destination. It sits above the default deny and cancels inbound filtering, so the firewall stops protecting the LAN. | E2: day1/D1-06a-wan-rules.png | F2: 5 | G2: 5 | H2: =F2*G2 -> 25 | I2: =IF(H2>=20,"Critical",IF(H2>=12,"High",IF(H2>=6,"Medium","Low"))) -> Critical | J2: Delete the rule. Rely on the default deny for unmatched inbound traffic. | K2: IT Lead | L2: Remediated
A3: F-02 | B3: RDP (TCP 3389) open from the WAN | C3: Firewall | D3: Temp remote access passes TCP 3389 from any source to the Ubuntu host 192.168.1.126. RDP is one of the most scanned services on the internet and a common entry point for password spraying and ransomware. | E3: day1/D1-06a-wan-rules.png | F3: 5 | G3: 4 | H3: =F3*G3 -> 20 | I3: =IF(H3>=20,"Critical",IF(H3>=12,"High",IF(H3>=6,"Medium","Low"))) -> Critical | J3: Delete the rule. Provide remote access through a WireGuard VPN with MFA-protected accounts. | K3: IT Lead | L3: Remediated
A4: F-03 | B4: Designer holds Global Administrator | C4: Roles | D4: Daniel Kim (Designer) holds Global Administrator on his daily, licensed account. A phished password gives an attacker full control of the tenant. | E4: day2/D2-01-global-admins.png | F4: 4 | G4: 5 | H4: =F4*G4 -> 20 | I4: =IF(H4>=20,"Critical",IF(H4>=12,"High",IF(H4>=6,"Medium","Low"))) -> Critical | J4: Create a second break-glass account first, then remove the role from Daniel Kim. | K4: IT Lead | L4: Remediated
A5: F-04 | B5: FTP (TCP 21) open from the WAN | C5: Firewall | D5: Old client file transfer passes TCP 21 to 192.168.1.126. FTP sends credentials and files in clear text, and the client relationship it served has ended. | E5: day1/D1-06a-wan-rules.png | F5: 4 | G5: 3 | H5: =F5*G5 -> 12 | I5: =IF(H5>=20,"Critical",IF(H5>=12,"High",IF(H5>=6,"Medium","Low"))) -> High | J5: Delete the rule. Share client files through SharePoint with Specific people links. | K5: IT Lead | L5: Remediated
A6: F-05 | B6: Designer is a member of Finance and HR | C6: Groups | D6: Sofia Alvarez (Designer) is a member of the Finance and HR groups. She can open invoices, salary data and personal records that her role does not need. | E6: day2/D2-10-members-finance.png, day2/D2-10-members-hr.png | F6: 3 | G6: 4 | H6: =F6*G6 -> 12 | I6: =IF(H6>=20,"Critical",IF(H6>=12,"High",IF(H6>=6,"Medium","Low"))) -> High | J6: Remove Sofia Alvarez from Finance and HR. Keep Design-Team only. | K6: Operations Manager | L6: Remediated
A7: F-06 | B7: Anyone edit link on invoice file; org allows Anyone links | C7: SharePoint | D7: Invoices-2026.xlsx in the Finance site has an Anyone link with edit rights. Org sharing for SharePoint and OneDrive is set to Anyone, default permission is Edit, and Anyone links never expire. | E7: day4/D4-05-issue-8-anyone-edit-link.png, day4/D4-01-org-sharing.png, day4/D4-02-link-settings.png | F7: 3 | G7: 4 | H7: =F7*G7 -> 12 | I7: =IF(H7>=20,"Critical",IF(H7>=12,"High",IF(H7>=6,"Medium","Low"))) -> High | J7: Delete the Anyone link. Set org sharing to New and existing guests, default link Specific people, default permission View, Anyone links off or expiring within 7 days. | K7: IT Lead | L7: Remediated
A8: F-07 | B8: 14 of 17 accounts not registered for MFA | C8: MFA | D8: Only admin, Olivia Grant and Priya Shah are MFA capable. Security defaults prompt the others at first sign-in, so an attacker who has a password first could register their own device. | E8: day2/D2-16-mfa-registration.png | F8: 3 | G8: 4 | H8: =F8*G8 -> 12 | I8: =IF(H8>=20,"Critical",IF(H8>=12,"High",IF(H8>=6,"Medium","Low"))) -> High | J8: Run a registration campaign now. Move to a Conditional Access policy that requires MFA for all users. | K8: IT Lead | L8: Remediated
A9: F-08 | B9: Stale guest with Design-Team access | C9: Guests | D9: Alex Reed (Reed Studio) never accepted his invite, his project ended in March 2026, and he is still a member of Design-Team. | E9: day2/D2-13-guest-alex.png | F9: 3 | G9: 3 | H9: =F9*G9 -> 9 | I9: =IF(H9>=20,"Critical",IF(H9>=12,"High",IF(H9>=6,"Medium","Low"))) -> Medium | J9: Delete the guest account. Add a guest end date to the onboarding process. | K9: Operations Manager | L9: Remediated
A10: F-09 | B10: Contractor in internal Design-Team | C10: Guests | D10: Taylor Morgan is a contractor who needs Client-Projects only, but is also a member of Design-Team and can read internal design work. | E10: day2/D2-12-guest-taylor.png, day2/D2-10-members-design-team.png | F10: 3 | G10: 3 | H10: =F10*G10 -> 9 | I10: =IF(H10>=20,"Critical",IF(H10>=12,"High",IF(H10>=6,"Medium","Low"))) -> Medium | J10: Remove Taylor Morgan from Design-Team. Keep Client-Projects. | K10: Creative Director | L10: Remediated
A11: F-10 | B11: Anyone can invite guests; group owners can add guests | C11: Guests | D11: Guest invite settings allow anyone in the organization, including guests, to invite guests. Microsoft 365 Groups also let owners add outside people. Both bypass any approval step. | E11: day2/D2-14-external-collab.png, day3/D3-05-m365-groups.png | F11: 3 | G11: 3 | H11: =F11*G11 -> 9 | I11: =IF(H11>=20,"Critical",IF(H11>=12,"High",IF(H11>=6,"Medium","Low"))) -> Medium | J11: Limit invites to users assigned specific admin roles. Turn off owner-added guests or document an approval step. | K11: IT Lead | L11: Remediated
A12: F-11 | B12: Teams external access open to all domains and personal accounts | C12: Teams | D12: External access allows all external domains and chats with unmanaged Microsoft accounts. Anyone with a Teams account can message staff, a known route for phishing and fake IT support. | E12: day3/D3-07a-external-access.png, day3/D3-07b-external-access-unmanaged.png | F12: 3 | G12: 3 | H12: =F12*G12 -> 9 | I12: =IF(H12>=20,"Critical",IF(H12>=12,"High",IF(H12>=6,"Medium","Low"))) -> Medium | J12: Allow only client domains. Turn off unmanaged Teams accounts. | K12: IT Lead | L12: Remediated
A13: F-12 | B13: Sensitive sites allow external sharing | C13: SharePoint | D13: External sharing is On for every site, including Finance, HR and Management. Only Client-Projects needs guest sharing. | E13: day4/D4-04-sites.png | F13: 3 | G13: 3 | H13: =F13*G13 -> 9 | I13: =IF(H13>=20,"Critical",IF(H13>=12,"High",IF(H13>=6,"Medium","Low"))) -> Medium | J13: Set Finance, HR, Management, Design-Team and IT-Support to Only people in your organization. | K13: IT Lead | L13: Remediated
... A20: F-19 | B20: Firewall update pending | C20: Firewall | D20: The firewall runs OPNsense 26.7 while 26.7.5 is released with security fixes. The web GUI listens on all interfaces, which the any-to-any WAN rule makes reachable. | E20: day1/D1-07a-opnsense-dashboard.png, day5/D5-05-nmap.png | F20: 2 | G20: 2 | H20: =F20*G20 -> 4 | I20: =IF(H20>=20,"Critical",IF(H20>=12,"High",IF(H20>=6,"Medium","Low"))) -> Low | J20: Back up the config, then update. Limit GUI access to an admin host. | K20: IT Lead | L20: Remediated
A22: All fixes applied on Day 6 per remediation/remediation-plan.md. After screenshots were not captured.

Sheet Summary
A1: Rating | B1: Count
A2: Critical | B2: =COUNTIF(Findings!$I$2:$I$20,A2) -> 3
A3: High | B3: =COUNTIF(Findings!$I$2:$I$20,A3) -> 4
A4: Medium | B4: =COUNTIF(Findings!$I$2:$I$20,A4) -> 8
A5: Low | B5: =COUNTIF(Findings!$I$2:$I$20,A5) -> 4
A6: Total | B6: =SUM(B2:B5) -> 19
A8: Status | B8: Count
A9: Remediated | B9: =COUNTIF(Findings!$L$2:$L$20,A9) -> 19
A10: Accepted | B10: =COUNTIF(Findings!$L$2:$L$20,A10) -> 0
A11: Open | B11: =COUNTIF(Findings!$L$2:$L$20,A11) -> 0
